{
  "content": [
    {
      "id": "4b5868af",
      "settings": {
        "flex_direction": "row",
        "flex_gap": {
          "unit": "px",
          "size": 0,
          "column": "0",
          "row": "0"
        },
        "flex_justify_content": "center",
        "flex_align_items": "center",
        "background_background": "classic",
        "background_color": "#F8F8FC"
      },
      "elements": [
        {
          "id": "39dbbd99",
          "settings": {
            "flex_direction": "column",
            "content_width": "full",
            "width": {
              "unit": "%",
              "size": "33.3333"
            }
          },
          "elements": [
            {
              "id": "4503bd0b",
              "settings": {
                "image": {
                  "url": "https://demo.turbo-addons.com/wp-content/uploads/2025/05/Rectangle-3638-3.png",
                  "id": 19958,
                  "size": "",
                  "alt": "",
                  "source": "library"
                }
              },
              "elements": [],
              "isInner": false,
              "widgetType": "image",
              "elType": "widget"
            }
          ],
          "isInner": true,
          "elType": "container"
        },
        {
          "id": "352e8641",
          "settings": {
            "flex_direction": "column",
            "content_width": "full",
            "width": {
              "unit": "%",
              "size": "66.6666"
            }
          },
          "elements": [
            {
              "id": "3d8b1106",
              "settings": {
                "title": "Burger Recipe",
                "typography_typography": "custom",
                "typography_font_size": {
                  "unit": "px",
                  "size": 34,
                  "sizes": []
                },
                "typography_font_weight": "700"
              },
              "elements": [],
              "isInner": false,
              "widgetType": "heading",
              "elType": "widget"
            },
            {
              "id": "10d43fed",
              "settings": {
                "editor": "<p>Lorem ipsum dolor sit amet, consectetur adipiscing elit. Ut elit tellus, luctus nec ullamcorper mattis, pulvinar dapibus leo. ipsum dolor sit amet, consectetur adipiscing elit. Ut elit tellus, luctus nec ullamcorper mattis, pulvinar dapibus leo. ipsum dolor sit amet, consectetur adipiscing elit. Ut elit tellus, luctus nec ullamcorper mattis, pulvinar dapibus leo.</p>",
                "align": "justify",
                "typography_typography": "custom",
                "typography_font_size": {
                  "unit": "px",
                  "size": 17,
                  "sizes": []
                }
              },
              "elements": [],
              "isInner": false,
              "widgetType": "text-editor",
              "elType": "widget"
            }
          ],
          "isInner": true,
          "elType": "container"
        }
      ],
      "isInner": false,
      "elType": "container"
    }
  ],
  "page_settings": [],
  "version": "0.4",
  "title": "burger-section",
  "type": "page"
}